Delta,Time,CPU_FREQUENCY_0,CPU_FREQUENCY_1,CPU_FREQUENCY_10,CPU_FREQUENCY_2,CPU_FREQUENCY_3,CPU_FREQUENCY_4,CPU_FREQUENCY_5,CPU_FREQUENCY_6,CPU_FREQUENCY_7,CPU_FREQUENCY_8,CPU_FREQUENCY_9,CPU_TEMP_0,CPU_TEMP_1,CPU_TEMP_2,CPU_TEMP_3,CPU_TEMP_4,CPU_TEMP_5,CPU_USAGE_0,CPU_USAGE_1,CPU_USAGE_10,CPU_USAGE_2,CPU_USAGE_3,CPU_USAGE_4,CPU_USAGE_5,CPU_USAGE_6,CPU_USAGE_7,CPU_USAGE_8,CPU_USAGE_9,SYSTEM_POWER (Watts),TOTAL_MEMORY,TOTAL_SWAP,USED_MEMORY,USED_SWAP
0,1772020770895,4056,4056,4056,4056,4056,4056,4056,4056,4056,4056,4056,38.8125,40.736759185791016,40.96347427368164,40.779296875,43.161865234375,43.14683532714844,100,NaN,0,NaN,0,0,NaN,0,0,NaN,0,3.2144293785095215,19327352832,0,10548477952,0
204,1772020770895,4056,4056,4056,4056,4056,4056,4056,4056,4056,4056,4056,38.8125,40.736759185791016,40.96347427368164,40.779296875,43.161865234375,43.14683532714844,100,100,NaN,0,0,0,0,0,NaN,0,0,3.2144293785095215,19327352832,0,10549067776,0
204,1772020771100,4056,4056,4056,4056,4056,4056,4056,4056,4056,4056,4056,39.296875,40.92730712890625,41.062416076660156,40.9669189453125,43.31385040283203,43.20404815673828,26.3157901763916,30.000001907348633,52.38095474243164,20,10.526315689086914,14.285715103149414,10,31.57894515991211,38.095237731933594,23.809524536132813,21.052631378173828,3.2144293785095215,19327352832,0,10629758976,0
204,1772020771305,4056,4056,4056,4056,4056,4056,4056,4056,4056,4056,4056,39.296875,40.92730712890625,41.062416076660156,40.9669189453125,43.31385040283203,43.20404815673828,42.85714340209961,15.000000953674316,20,15.000000953674316,9.523809432983398,5,5,20,25,15.789472579956055,70,3.2144293785095215,19327352832,0,10633543680,0
204,1772020771510,4056,4056,4056,4056,4056,4056,4056,4056,4056,4056,4056,39.296875,40.92730712890625,41.062416076660156,40.9669189453125,43.31385040283203,43.20404815673828,35,30.000001907348633,9.523809432983398,5,4.761904716491699,0,0,0,0,0,100,4.128411769866943,19327352832,0,10639179776,0
6,1772020771715,4056,4056,4056,4056,4056,4056,4056,4056,4056,4056,4056,39.296875,40.92730712890625,41.062416076660156,40.9669189453125,43.31385040283203,43.20404815673828,15.000000953674316,9.523809432983398,42.85714340209961,4.761904716491699,0,0,0,9.523809432983398,4.761904716491699,9.090909004211426,20,4.128411769866943,19327352832,0,10545545216,0
