Delta,Time,CPU_FREQUENCY_0,CPU_FREQUENCY_1,CPU_FREQUENCY_10,CPU_FREQUENCY_2,CPU_FREQUENCY_3,CPU_FREQUENCY_4,CPU_FREQUENCY_5,CPU_FREQUENCY_6,CPU_FREQUENCY_7,CPU_FREQUENCY_8,CPU_FREQUENCY_9,CPU_TEMP_0,CPU_TEMP_1,CPU_TEMP_2,CPU_TEMP_3,CPU_TEMP_4,CPU_TEMP_5,CPU_USAGE_0,CPU_USAGE_1,CPU_USAGE_10,CPU_USAGE_2,CPU_USAGE_3,CPU_USAGE_4,CPU_USAGE_5,CPU_USAGE_6,CPU_USAGE_7,CPU_USAGE_8,CPU_USAGE_9,SYSTEM_POWER (Watts),TOTAL_MEMORY,TOTAL_SWAP,USED_MEMORY,USED_SWAP
0,1772020777108,4056,4056,4056,4056,4056,4056,4056,4056,4056,4056,4056,40.015625,40.99870300292969,41.12944030761719,40.978981018066406,43.456825256347656,43.205379486083984,NaN,0,0,0,0,0,0,0,0,0,0,5.157291889190674,19327352832,0,10569252864,0
204,1772020777108,4056,4056,4056,4056,4056,4056,4056,4056,4056,4056,4056,40.015625,40.99870300292969,41.12944030761719,40.978981018066406,43.456825256347656,43.205379486083984,50,NaN,0,NaN,0,0,NaN,0,0,0,0,5.157291889190674,19327352832,0,10569367552,0
204,1772020777313,4056,4056,4056,4056,4056,4056,4056,4056,4056,4056,4056,40.015625,40.99870300292969,41.12944030761719,40.978981018066406,43.456825256347656,43.205379486083984,31.57894515991211,30.000001907348633,42.85714340209961,19.047618865966797,15.000000953674316,14.285715103149414,9.523809432983398,42.85714340209961,40,25,25,5.157291889190674,19327352832,0,10660708352,0
204,1772020777518,4056,4056,4056,4056,4056,4056,4056,4056,4056,4056,4056,40.015625,40.99870300292969,41.12944030761719,40.978981018066406,43.456825256347656,43.205379486083984,14.285715103149414,14.285715103149414,78.94737243652344,9.523809432983398,9.523809432983398,5,5,19.047618865966797,23.809524536132813,19.047618865966797,19.047618865966797,3.305821657180786,19327352832,0,10667851776,0
204,1772020777723,4056,4056,4056,4056,4056,4056,4056,4056,4056,4056,4056,40.015625,40.99870300292969,41.12944030761719,40.978981018066406,43.456825256347656,43.205379486083984,10,10,85.71428680419922,5,4.761904716491699,0,4.545454502105713,10.526315689086914,0,0,0,3.305821657180786,19327352832,0,10678222848,0
6,1772020777928,4056,4056,4056,4056,4056,4056,4056,4056,4056,4056,4056,42.4375,46.14488220214844,43.86864471435547,47.82493591308594,47.45927810668945,44.600154876708984,15.000000953674316,14.285715103149414,9.523809432983398,0,0,0,0,38.095237731933594,5,5,14.285715103149414,3.305821657180786,19327352832,0,10580656128,0
