Delta,Time,CPU_FREQUENCY_0,CPU_FREQUENCY_1,CPU_FREQUENCY_10,CPU_FREQUENCY_2,CPU_FREQUENCY_3,CPU_FREQUENCY_4,CPU_FREQUENCY_5,CPU_FREQUENCY_6,CPU_FREQUENCY_7,CPU_FREQUENCY_8,CPU_FREQUENCY_9,CPU_TEMP_0,CPU_TEMP_1,CPU_TEMP_2,CPU_TEMP_3,CPU_TEMP_4,CPU_TEMP_5,CPU_USAGE_0,CPU_USAGE_1,CPU_USAGE_10,CPU_USAGE_2,CPU_USAGE_3,CPU_USAGE_4,CPU_USAGE_5,CPU_USAGE_6,CPU_USAGE_7,CPU_USAGE_8,CPU_USAGE_9,SYSTEM_POWER (Watts),TOTAL_MEMORY,TOTAL_SWAP,USED_MEMORY,USED_SWAP
0,1772022291299,4056,4056,4056,4056,4056,4056,4056,4056,4056,4056,4056,43.640625,45.72319793701172,45.8609504699707,45.69078826904297,48.10621643066406,47.89364242553711,100,NaN,0,0,0,0,0,0,0,0,0,3.0076169967651367,19327352832,0,10357850112,0
204,1772022291300,4056,4056,4056,4056,4056,4056,4056,4056,4056,4056,4056,43.640625,45.72319793701172,45.8609504699707,45.69078826904297,48.10621643066406,47.89364242553711,50,0,0,NaN,NaN,0,0,0,0,0,0,3.0076169967651367,19327352832,0,10357964800,0
204,1772022291505,4056,4056,4056,4056,4056,4056,4056,4056,4056,4056,4056,43.640625,45.72319793701172,45.8609504699707,45.69078826904297,48.10621643066406,47.89364242553711,31.57894515991211,28.571430206298828,42.85714340209961,19.047618865966797,10,5.263157844543457,9.523809432983398,20,35,23.809524536132813,40,2.969223737716675,19327352832,0,10447306752,0
6,1772022291710,4056,4056,4056,4056,4056,4056,4056,4056,4056,4056,4056,43.640625,45.72319793701172,45.8609504699707,45.69078826904297,48.10621643066406,47.89364242553711,15.000000953674316,20,15.000000953674316,5.263157844543457,10,5,0,19.047618865966797,15.000000953674316,15.000000953674316,14.285715103149414,2.969223737716675,19327352832,0,10447306752,0
