Delta,Time,CPU_FREQUENCY_0,CPU_FREQUENCY_1,CPU_FREQUENCY_10,CPU_FREQUENCY_2,CPU_FREQUENCY_3,CPU_FREQUENCY_4,CPU_FREQUENCY_5,CPU_FREQUENCY_6,CPU_FREQUENCY_7,CPU_FREQUENCY_8,CPU_FREQUENCY_9,CPU_TEMP_0,CPU_TEMP_1,CPU_TEMP_2,CPU_TEMP_3,CPU_TEMP_4,CPU_TEMP_5,CPU_USAGE_0,CPU_USAGE_1,CPU_USAGE_10,CPU_USAGE_2,CPU_USAGE_3,CPU_USAGE_4,CPU_USAGE_5,CPU_USAGE_6,CPU_USAGE_7,CPU_USAGE_8,CPU_USAGE_9,SYSTEM_POWER (Watts),TOTAL_MEMORY,TOTAL_SWAP,USED_MEMORY,USED_SWAP
0,1772022262138,4056,4056,4056,4056,4056,4056,4056,4056,4056,4056,4056,46.296875,47.374305725097656,47.568180084228516,47.4288330078125,49.950843811035156,49.86281204223633,50,100,0,0,0,0,0,0,0,0,0,3.0585744380950928,19327352832,0,10347954176,0
202,1772022262139,4056,4056,4056,4056,4056,4056,4056,4056,4056,4056,4056,46.296875,47.374305725097656,47.568180084228516,47.4288330078125,49.950843811035156,49.86281204223633,NaN,100,0,0,0,NaN,0,0,NaN,0,0,3.0585744380950928,19327352832,0,10347954176,0
204,1772022262342,4056,4056,4056,4056,4056,4056,4056,4056,4056,4056,4056,46.296875,47.374305725097656,47.568180084228516,47.4288330078125,49.950843811035156,49.86281204223633,42.85714340209961,47.36842346191406,30.000001907348633,25,15.000000953674316,19.047618865966797,10,25,33.333335876464844,26.3157901763916,47.619049072265625,3.0585744380950928,19327352832,0,10347954176,0
7,1772022262547,4056,4056,4056,4056,4056,4056,4056,4056,4056,4056,4056,46.296875,47.374305725097656,47.568180084228516,47.4288330078125,49.950843811035156,49.86281204223633,10.526315689086914,10,15.789472579956055,10,15.000000953674316,5,9.523809432983398,15.000000953674316,21.052631378173828,19.047618865966797,15.000000953674316,3.1481525897979736,19327352832,0,10347954176,0
