Delta,Time,CPU_FREQUENCY_0,CPU_FREQUENCY_1,CPU_FREQUENCY_10,CPU_FREQUENCY_2,CPU_FREQUENCY_3,CPU_FREQUENCY_4,CPU_FREQUENCY_5,CPU_FREQUENCY_6,CPU_FREQUENCY_7,CPU_FREQUENCY_8,CPU_FREQUENCY_9,CPU_TEMP_0,CPU_TEMP_1,CPU_TEMP_2,CPU_TEMP_3,CPU_TEMP_4,CPU_TEMP_5,CPU_USAGE_0,CPU_USAGE_1,CPU_USAGE_10,CPU_USAGE_2,CPU_USAGE_3,CPU_USAGE_4,CPU_USAGE_5,CPU_USAGE_6,CPU_USAGE_7,CPU_USAGE_8,CPU_USAGE_9,SYSTEM_POWER (Watts),TOTAL_MEMORY,TOTAL_SWAP,USED_MEMORY,USED_SWAP
0,1772020795841,4056,4056,4056,4056,4056,4056,4056,4056,4056,4056,4056,38.5625,40.56398391723633,40.67627716064453,40.606746673583984,43.017677307128906,43.030643463134766,0,0,0,0,0,0,0,0,0,0,0,3.0611817836761475,19327352832,0,10531962880,0
204,1772020795841,4056,4056,4056,4056,4056,4056,4056,4056,4056,4056,4056,38.5625,40.56398391723633,40.67627716064453,40.606746673583984,43.017677307128906,43.030643463134766,100,NaN,NaN,NaN,0,0,0,0,0,0,0,3.0611817836761475,19327352832,0,10532061184,0
204,1772020796046,4056,4056,4056,4056,4056,4056,4056,4056,4056,4056,4056,40.015625,40.7605094909668,40.8931999206543,40.75434875488281,43.334861755371094,43.06926727294922,30.000001907348633,30.000001907348633,38.095237731933594,19.047618865966797,15.000000953674316,10,15.000000953674316,35,35,30.000001907348633,26.3157901763916,3.0611817836761475,19327352832,0,10620616704,0
204,1772020796251,4056,4056,4056,4056,4056,4056,4056,4056,4056,4056,4056,40.015625,40.7605094909668,40.8931999206543,40.75434875488281,43.334861755371094,43.06926727294922,20,15.000000953674316,20,10,5,9.523809432983398,4.761904716491699,23.809524536132813,19.047618865966797,20,75,3.0611817836761475,19327352832,0,10620616704,0
204,1772020796456,4056,4056,4056,4056,4056,4056,4056,4056,4056,4056,4056,40.015625,40.7605094909668,40.8931999206543,40.75434875488281,43.334861755371094,43.06926727294922,0,9.523809432983398,4.761904716491699,0,0,0,0,0,0,4.545454502105713,100,3.022200345993042,19327352832,0,10620616704,0
6,1772020796661,4056,4056,4056,4056,4056,4056,4056,4056,4056,4056,4056,40.015625,40.7605094909668,40.8931999206543,40.75434875488281,43.334861755371094,43.06926727294922,14.285715103149414,10,4.761904716491699,4.761904716491699,0,0,0,0,4.761904716491699,0,61.904762268066406,3.022200345993042,19327352832,0,10620616704,0
