Delta,Time,CPU_FREQUENCY_0,CPU_FREQUENCY_1,CPU_FREQUENCY_10,CPU_FREQUENCY_2,CPU_FREQUENCY_3,CPU_FREQUENCY_4,CPU_FREQUENCY_5,CPU_FREQUENCY_6,CPU_FREQUENCY_7,CPU_FREQUENCY_8,CPU_FREQUENCY_9,CPU_TEMP_0,CPU_TEMP_1,CPU_TEMP_2,CPU_TEMP_3,CPU_TEMP_4,CPU_TEMP_5,CPU_USAGE_0,CPU_USAGE_1,CPU_USAGE_10,CPU_USAGE_2,CPU_USAGE_3,CPU_USAGE_4,CPU_USAGE_5,CPU_USAGE_6,CPU_USAGE_7,CPU_USAGE_8,CPU_USAGE_9,SYSTEM_POWER (Watts),TOTAL_MEMORY,TOTAL_SWAP,USED_MEMORY,USED_SWAP
0,1772022297127,4056,4056,4056,4056,4056,4056,4056,4056,4056,4056,4056,44.359375,45.40395736694336,45.701507568359375,45.45425033569336,47.95006561279297,47.687583923339844,100,NaN,0,100,NaN,0,0,0,0,0,0,2.982722520828247,19327352832,0,10356637696,0
204,1772022297128,4056,4056,4056,4056,4056,4056,4056,4056,4056,4056,4056,44.359375,45.40395736694336,45.701507568359375,45.45425033569336,47.95006561279297,47.687583923339844,NaN,50,0,0,50,NaN,100,0,0,0,0,2.982722520828247,19327352832,0,10356785152,0
204,1772022297333,4056,4056,4056,4056,4056,4056,4056,4056,4056,4056,4056,44.359375,45.40395736694336,45.701507568359375,45.45425033569336,47.95006561279297,47.687583923339844,35,26.3157901763916,47.619049072265625,20,10.526315689086914,15.000000953674316,5.263157844543457,38.095237731933594,55,26.3157901763916,47.619049072265625,2.982722520828247,19327352832,0,10444619776,0
8,1772022297538,4056,4056,4056,4056,4056,4056,4056,4056,4056,4056,4056,44.359375,45.40395736694336,45.701507568359375,45.45425033569336,47.95006561279297,47.687583923339844,15.000000953674316,15.000000953674316,19.047618865966797,10,9.523809432983398,5,5,10.526315689086914,14.285715103149414,18.18181800842285,10.526315689086914,3.097688674926758,19327352832,0,10357506048,0
