Delta,Time,CPU_FREQUENCY_0,CPU_FREQUENCY_1,CPU_FREQUENCY_10,CPU_FREQUENCY_2,CPU_FREQUENCY_3,CPU_FREQUENCY_4,CPU_FREQUENCY_5,CPU_FREQUENCY_6,CPU_FREQUENCY_7,CPU_FREQUENCY_8,CPU_FREQUENCY_9,CPU_TEMP_0,CPU_TEMP_1,CPU_TEMP_2,CPU_TEMP_3,CPU_TEMP_4,CPU_TEMP_5,CPU_USAGE_0,CPU_USAGE_1,CPU_USAGE_10,CPU_USAGE_2,CPU_USAGE_3,CPU_USAGE_4,CPU_USAGE_5,CPU_USAGE_6,CPU_USAGE_7,CPU_USAGE_8,CPU_USAGE_9,SYSTEM_POWER (Watts),TOTAL_MEMORY,TOTAL_SWAP,USED_MEMORY,USED_SWAP
0,1772022279633,4056,4056,4056,4056,4056,4056,4056,4056,4056,4056,4056,44.359375,46.212554931640625,46.443973541259766,46.291587829589844,48.659584045410156,48.588687896728516,50,0,0,0,0,0,0,0,0,0,0,3.0711300373077393,19327352832,0,10353557504,0
204,1772022279633,4056,4056,4056,4056,4056,4056,4056,4056,4056,4056,4056,44.359375,46.212554931640625,46.443973541259766,46.291587829589844,48.659584045410156,48.588687896728516,100,NaN,0,NaN,0,0,0,0,NaN,NaN,0,3.0711300373077393,19327352832,0,10353721344,0
204,1772022279838,4056,4056,4056,4056,4056,4056,4056,4056,4056,4056,4056,44.359375,46.212554931640625,46.443973541259766,46.291587829589844,48.659584045410156,48.588687896728516,30.000001907348633,28.571430206298828,38.095237731933594,19.047618865966797,15.000000953674316,5.263157844543457,5.263157844543457,23.809524536132813,38.095237731933594,33.333335876464844,38.095237731933594,3.0711300373077393,19327352832,0,10440376320,0
7,1772022280043,4056,4056,4056,4056,4056,4056,4056,4056,4056,4056,4056,47.734375,47.55147933959961,47.720375061035156,47.48448944091797,50.725677490234375,49.100067138671875,15.789472579956055,20,15.000000953674316,10.526315689086914,5,9.523809432983398,5,15.000000953674316,15.000000953674316,19.047618865966797,15.000000953674316,3.0711300373077393,19327352832,0,10354049024,0
