Delta,Time,CPU_FREQUENCY_0,CPU_FREQUENCY_1,CPU_FREQUENCY_10,CPU_FREQUENCY_2,CPU_FREQUENCY_3,CPU_FREQUENCY_4,CPU_FREQUENCY_5,CPU_FREQUENCY_6,CPU_FREQUENCY_7,CPU_FREQUENCY_8,CPU_FREQUENCY_9,CPU_TEMP_0,CPU_TEMP_1,CPU_TEMP_2,CPU_TEMP_3,CPU_TEMP_4,CPU_TEMP_5,CPU_USAGE_0,CPU_USAGE_1,CPU_USAGE_10,CPU_USAGE_2,CPU_USAGE_3,CPU_USAGE_4,CPU_USAGE_5,CPU_USAGE_6,CPU_USAGE_7,CPU_USAGE_8,CPU_USAGE_9,SYSTEM_POWER (Watts),TOTAL_MEMORY,TOTAL_SWAP,USED_MEMORY,USED_SWAP
0,1772022320477,4056,4056,4056,4056,4056,4056,4056,4056,4056,4056,4056,42.4375,44.28871154785156,44.429649353027344,44.37266540527344,46.813148498535156,46.84189224243164,50,0,0,0,0,0,0,0,0,0,0,3.008089303970337,19327352832,0,10360815616,0
204,1772022320477,4056,4056,4056,4056,4056,4056,4056,4056,4056,4056,4056,42.4375,44.28871154785156,44.429649353027344,44.37266540527344,46.813148498535156,46.84189224243164,0,100,NaN,0,NaN,0,NaN,0,0,NaN,NaN,3.008089303970337,19327352832,0,10360815616,0
204,1772022320682,4056,4056,4056,4056,4056,4056,4056,4056,4056,4056,4056,42.4375,44.28871154785156,44.429649353027344,44.37266540527344,46.813148498535156,46.84189224243164,19.047618865966797,14.285715103149414,40.90909194946289,10,4.761904716491699,0,0,19.047618865966797,50,50,33.333335876464844,3.008089303970337,19327352832,0,10360815616,0
7,1772022320887,4056,4056,4056,4056,4056,4056,4056,4056,4056,4056,4056,42.4375,44.28871154785156,44.429649353027344,44.37266540527344,46.813148498535156,46.84189224243164,10,9.523809432983398,20,9.523809432983398,0,0,0,21.052631378173828,23.809524536132813,19.047618865966797,23.809524536132813,3.008089303970337,19327352832,0,10360815616,0
