Delta,Time,CPU_FREQUENCY_0,CPU_FREQUENCY_1,CPU_FREQUENCY_10,CPU_FREQUENCY_2,CPU_FREQUENCY_3,CPU_FREQUENCY_4,CPU_FREQUENCY_5,CPU_FREQUENCY_6,CPU_FREQUENCY_7,CPU_FREQUENCY_8,CPU_FREQUENCY_9,CPU_TEMP_0,CPU_TEMP_1,CPU_TEMP_2,CPU_TEMP_3,CPU_TEMP_4,CPU_TEMP_5,CPU_USAGE_0,CPU_USAGE_1,CPU_USAGE_10,CPU_USAGE_2,CPU_USAGE_3,CPU_USAGE_4,CPU_USAGE_5,CPU_USAGE_6,CPU_USAGE_7,CPU_USAGE_8,CPU_USAGE_9,SYSTEM_POWER (Watts),TOTAL_MEMORY,TOTAL_SWAP,USED_MEMORY,USED_SWAP
0,1772022250058,4056,4056,4056,4056,4056,4056,4056,4056,4056,4056,4056,46.765625,48.02070999145508,48.28453826904297,48.114742279052734,50.60701370239258,50.3791618347168,0,0,0,50,0,0,0,0,0,0,0,3.1338860988616943,19327352832,0,10347708416,0
204,1772022250058,4056,4056,4056,4056,4056,4056,4056,4056,4056,4056,4056,46.765625,48.02070999145508,48.28453826904297,48.114742279052734,50.60701370239258,50.3791618347168,100,100,0,0,NaN,0,NaN,0,0,0,0,3.1338860988616943,19327352832,0,10347806720,0
204,1772022250263,4056,4056,4056,4056,4056,4056,4056,4056,4056,4056,4056,46.765625,48.02070999145508,48.28453826904297,48.114742279052734,50.60701370239258,50.3791618347168,10,9.523809432983398,36.842105865478516,5,4.761904716491699,0,0,35,40,25,38.095237731933594,3.1338860988616943,19327352832,0,10415013888,0
204,1772022250468,4056,4056,4056,4056,4056,4056,4056,4056,4056,4056,4056,46.765625,48.02070999145508,48.28453826904297,48.114742279052734,50.60701370239258,50.3791618347168,75,70,81.81818389892578,66.66667175292969,65,61.904762268066406,65,90.47618865966797,85.71428680419922,71.42857360839844,80,3.109032392501831,19327352832,0,10415013888,0
7,1772022250673,4056,4056,4056,4056,4056,4056,4056,4056,4056,4056,4056,46.765625,48.02070999145508,48.28453826904297,48.114742279052734,50.60701370239258,50.3791618347168,47.619049072265625,50,55,45,45.45454788208008,47.619049072265625,42.85714340209961,55,55,50,57.142860412597656,3.109032392501831,19327352832,0,10415013888,0
