Delta,Time,CPU_FREQUENCY_0,CPU_FREQUENCY_1,CPU_FREQUENCY_10,CPU_FREQUENCY_2,CPU_FREQUENCY_3,CPU_FREQUENCY_4,CPU_FREQUENCY_5,CPU_FREQUENCY_6,CPU_FREQUENCY_7,CPU_FREQUENCY_8,CPU_FREQUENCY_9,CPU_TEMP_0,CPU_TEMP_1,CPU_TEMP_2,CPU_TEMP_3,CPU_TEMP_4,CPU_TEMP_5,CPU_USAGE_0,CPU_USAGE_1,CPU_USAGE_10,CPU_USAGE_2,CPU_USAGE_3,CPU_USAGE_4,CPU_USAGE_5,CPU_USAGE_6,CPU_USAGE_7,CPU_USAGE_8,CPU_USAGE_9,SYSTEM_POWER (Watts),TOTAL_MEMORY,TOTAL_SWAP,USED_MEMORY,USED_SWAP
0,1772022231956,4056,4056,4056,4056,4056,4056,4056,4056,4056,4056,4056,47.96875,49.12574005126953,49.17652893066406,49.15696334838867,51.677242279052734,51.4864501953125,NaN,0,0,NaN,0,0,NaN,NaN,0,NaN,NaN,3.031559467315674,19327352832,0,10353410048,0
202,1772022231957,4056,4056,4056,4056,4056,4056,4056,4056,4056,4056,4056,47.96875,49.08567428588867,49.17652893066406,49.15696334838867,51.677242279052734,51.4864501953125,0,NaN,NaN,0,50,0,0,0,NaN,0,0,3.031559467315674,19327352832,0,10354065408,0
204,1772022232159,4056,4056,4056,4056,4056,4056,4056,4056,4056,4056,4056,47.96875,49.08567428588867,49.1605224609375,49.029048919677734,51.65810012817383,51.38029098510742,19.047618865966797,10,0,5,0,5,0,60.000003814697266,45.45454788208008,42.85714340209961,30.000001907348633,3.031559467315674,19327352832,0,10418601984,0
204,1772022232364,4056,4056,4056,4056,4056,4056,4056,4056,4056,4056,4056,47.96875,49.08567428588867,49.1605224609375,49.029048919677734,51.65810012817383,51.38029098510742,63.15789031982422,66.66667175292969,70,61.904762268066406,60.000003814697266,60.000003814697266,63.6363639831543,78.94737243652344,85,80,85,3.031559467315674,19327352832,0,10452516864,0
7,1772022232569,4056,4056,4056,4056,4056,4056,4056,4056,4056,4056,4056,47.96875,49.08567428588867,49.1605224609375,49.029048919677734,51.65810012817383,51.38029098510742,54.54545593261719,45,52.38095474243164,50,45,45.45454788208008,42.85714340209961,56.52173614501953,52.38095474243164,50,57.142860412597656,3.223928213119507,19327352832,0,10354180096,0
