Delta,Time,CPU_FREQUENCY_0,CPU_FREQUENCY_1,CPU_FREQUENCY_10,CPU_FREQUENCY_2,CPU_FREQUENCY_3,CPU_FREQUENCY_4,CPU_FREQUENCY_5,CPU_FREQUENCY_6,CPU_FREQUENCY_7,CPU_FREQUENCY_8,CPU_FREQUENCY_9,CPU_TEMP_0,CPU_TEMP_1,CPU_TEMP_2,CPU_TEMP_3,CPU_TEMP_4,CPU_TEMP_5,CPU_USAGE_0,CPU_USAGE_1,CPU_USAGE_10,CPU_USAGE_2,CPU_USAGE_3,CPU_USAGE_4,CPU_USAGE_5,CPU_USAGE_6,CPU_USAGE_7,CPU_USAGE_8,CPU_USAGE_9,SYSTEM_POWER (Watts),TOTAL_MEMORY,TOTAL_SWAP,USED_MEMORY,USED_SWAP
0,1772022332143,4056,4056,4056,4056,4056,4056,4056,4056,4056,4056,4056,42.921875,44.545597076416016,44.47103500366211,45.44233703613281,46.97035217285156,46.60000991821289,50,NaN,0,0,0,0,0,0,0,0,0,3.059525728225708,19327352832,0,10370301952,0
204,1772022332143,4056,4056,4056,4056,4056,4056,4056,4056,4056,4056,4056,42.921875,44.545597076416016,44.47103500366211,45.44233703613281,46.97035217285156,46.60000991821289,NaN,50,0,NaN,0,0,0,0,0,0,0,3.059525728225708,19327352832,0,10370416640,0
204,1772022332348,4056,4056,4056,4056,4056,4056,4056,4056,4056,4056,4056,42.921875,44.545597076416016,44.47103500366211,45.44233703613281,46.97035217285156,46.60000991821289,14.285715103149414,10,26.3157901763916,5,5,0,0,40,47.619049072265625,15.000000953674316,45,3.059525728225708,19327352832,0,10437378048,0
7,1772022332553,4056,4056,4056,4056,4056,4056,4056,4056,4056,4056,4056,42.921875,44.545597076416016,44.47103500366211,45.44233703613281,46.97035217285156,46.60000991821289,9.523809432983398,0,19.047618865966797,9.090909004211426,5,0,0,19.047618865966797,25,20,28.571430206298828,4.056423187255859,19327352832,0,10370760704,0
