Delta,Time,CPU_FREQUENCY_0,CPU_FREQUENCY_1,CPU_FREQUENCY_10,CPU_FREQUENCY_2,CPU_FREQUENCY_3,CPU_FREQUENCY_4,CPU_FREQUENCY_5,CPU_FREQUENCY_6,CPU_FREQUENCY_7,CPU_FREQUENCY_8,CPU_FREQUENCY_9,CPU_TEMP_0,CPU_TEMP_1,CPU_TEMP_2,CPU_TEMP_3,CPU_TEMP_4,CPU_TEMP_5,CPU_USAGE_0,CPU_USAGE_1,CPU_USAGE_10,CPU_USAGE_2,CPU_USAGE_3,CPU_USAGE_4,CPU_USAGE_5,CPU_USAGE_6,CPU_USAGE_7,CPU_USAGE_8,CPU_USAGE_9,SYSTEM_POWER (Watts),TOTAL_MEMORY,TOTAL_SWAP,USED_MEMORY,USED_SWAP
0,1772022213887,4056,4056,4056,4056,4056,4056,4056,4056,4056,4056,4056,48.6875,50.50967025756836,50.70857620239258,50.56108856201172,53.16325759887695,52.89197540283203,50,100,0,0,33.333335876464844,0,0,0,0,0,0,3.0822412967681885,19327352832,0,10346053632,0
204,1772022213888,4056,4056,4056,4056,4056,4056,4056,4056,4056,4056,4056,48.6875,50.50967025756836,50.70857620239258,50.56108856201172,53.16325759887695,52.89197540283203,100,50,0,100,NaN,50,0,0,0,0,50,3.0822412967681885,19327352832,0,10346053632,0
206,1772022214093,4056,4056,4056,4056,4056,4056,4056,4056,4056,4056,4056,49.65625,50.648475646972656,50.8198356628418,50.570560455322266,53.40358352661133,52.859840393066406,15.789472579956055,15.000000953674316,38.095237731933594,5,4.761904716491699,0,0,47.36842346191406,33.333335876464844,38.095237731933594,33.333335876464844,3.0822412967681885,19327352832,0,10346053632,0
204,1772022214299,4056,4056,4056,4056,4056,4056,4056,4056,4056,4056,4056,49.65625,50.648475646972656,50.8198356628418,50.570560455322266,53.40358352661133,52.859840393066406,66.66667175292969,71.42857360839844,80,71.42857360839844,66.66667175292969,70,68.18181610107422,95.23809814453125,85,80,80,3.0822412967681885,19327352832,0,10346053632,0
7,1772022214504,4056,4056,4056,4056,4056,4056,4056,4056,4056,4056,4056,49.65625,50.648475646972656,50.8198356628418,50.570560455322266,53.40358352661133,52.859840393066406,45,40,45.45454788208008,38.095237731933594,40,35,35,47.619049072265625,50,42.85714340209961,52.38095474243164,3.4009017944335938,19327352832,0,10346053632,0
