Delta,Time,CPU_FREQUENCY_0,CPU_FREQUENCY_1,CPU_FREQUENCY_10,CPU_FREQUENCY_2,CPU_FREQUENCY_3,CPU_FREQUENCY_4,CPU_FREQUENCY_5,CPU_FREQUENCY_6,CPU_FREQUENCY_7,CPU_FREQUENCY_8,CPU_FREQUENCY_9,CPU_TEMP_0,CPU_TEMP_1,CPU_TEMP_2,CPU_TEMP_3,CPU_TEMP_4,CPU_TEMP_5,CPU_USAGE_0,CPU_USAGE_1,CPU_USAGE_10,CPU_USAGE_2,CPU_USAGE_3,CPU_USAGE_4,CPU_USAGE_5,CPU_USAGE_6,CPU_USAGE_7,CPU_USAGE_8,CPU_USAGE_9,SYSTEM_POWER (Watts),TOTAL_MEMORY,TOTAL_SWAP,USED_MEMORY,USED_SWAP
0,1772022337966,4056,4056,4056,4056,4056,4056,4056,4056,4056,4056,4056,42.1875,43.8668327331543,44.04640579223633,44.089271545410156,46.5409049987793,46.14732360839844,100,NaN,NaN,0,NaN,0,0,0,0,NaN,NaN,1.7810953855514526,19327352832,0,10368843776,0
203,1772022337966,4056,4056,4056,4056,4056,4056,4056,4056,4056,4056,4056,42.1875,43.8668327331543,44.04640579223633,44.089271545410156,46.5409049987793,46.14732360839844,NaN,0,0,100,0,NaN,NaN,NaN,NaN,0,50,1.7810953855514526,19327352832,0,10369073152,0
204,1772022338170,4056,4056,4056,4056,4056,4056,4056,4056,4056,4056,4056,42.1875,43.8668327331543,44.04640579223633,44.089271545410156,46.5409049987793,46.14732360839844,15.000000953674316,10,55,4.761904716491699,0,0,0,36.3636360168457,47.619049072265625,0,40,1.7810953855514526,19327352832,0,10434920448,0
7,1772022338375,4056,4056,4056,4056,4056,4056,4056,4056,4056,4056,4056,42.1875,43.8668327331543,44.04640579223633,44.089271545410156,46.5409049987793,46.14732360839844,9.523809432983398,5,22.72727394104004,0,0,0,0,25,25,20,23.809524536132813,1.7810953855514526,19327352832,0,10368614400,0
