Delta,Time,CPU_FREQUENCY_0,CPU_FREQUENCY_1,CPU_FREQUENCY_10,CPU_FREQUENCY_2,CPU_FREQUENCY_3,CPU_FREQUENCY_4,CPU_FREQUENCY_5,CPU_FREQUENCY_6,CPU_FREQUENCY_7,CPU_FREQUENCY_8,CPU_FREQUENCY_9,CPU_TEMP_0,CPU_TEMP_1,CPU_TEMP_2,CPU_TEMP_3,CPU_TEMP_4,CPU_TEMP_5,CPU_USAGE_0,CPU_USAGE_1,CPU_USAGE_10,CPU_USAGE_2,CPU_USAGE_3,CPU_USAGE_4,CPU_USAGE_5,CPU_USAGE_6,CPU_USAGE_7,CPU_USAGE_8,CPU_USAGE_9,SYSTEM_POWER (Watts),TOTAL_MEMORY,TOTAL_SWAP,USED_MEMORY,USED_SWAP
0,1772022326302,4056,4056,4056,4056,4056,4056,4056,4056,4056,4056,4056,42.4375,44.027679443359375,44.366641998291016,44.30384063720703,46.752899169921875,46.545318603515625,100,0,0,0,0,0,0,0,0,0,0,3.135354518890381,19327352832,0,10361962496,0
204,1772022326303,4056,4056,4056,4056,4056,4056,4056,4056,4056,4056,4056,42.4375,44.027679443359375,44.366641998291016,44.30384063720703,46.752899169921875,46.545318603515625,0,0,0,100,0,0,0,0,0,0,0,3.135354518890381,19327352832,0,10362077184,0
204,1772022326508,4056,4056,4056,4056,4056,4056,4056,4056,4056,4056,4056,42.4375,44.027679443359375,44.366641998291016,44.30384063720703,46.752899169921875,46.545318603515625,19.047618865966797,10.526315689086914,33.333335876464844,4.761904716491699,0,4.761904716491699,0,65,31.57894515991211,5,45,3.0208919048309326,19327352832,0,10385670144,0
8,1772022326713,4056,4056,4056,4056,4056,4056,4056,4056,4056,4056,4056,42.4375,44.027679443359375,44.366641998291016,44.30384063720703,46.752899169921875,46.545318603515625,0,9.523809432983398,15.000000953674316,0,0,0,0,19.047618865966797,28.571430206298828,15.000000953674316,14.285715103149414,3.0208919048309326,19327352832,0,10385670144,0
