Delta,Time,CPU_FREQUENCY_0,CPU_FREQUENCY_1,CPU_FREQUENCY_10,CPU_FREQUENCY_2,CPU_FREQUENCY_3,CPU_FREQUENCY_4,CPU_FREQUENCY_5,CPU_FREQUENCY_6,CPU_FREQUENCY_7,CPU_FREQUENCY_8,CPU_FREQUENCY_9,CPU_TEMP_0,CPU_TEMP_1,CPU_TEMP_2,CPU_TEMP_3,CPU_TEMP_4,CPU_TEMP_5,CPU_USAGE_0,CPU_USAGE_1,CPU_USAGE_10,CPU_USAGE_2,CPU_USAGE_3,CPU_USAGE_4,CPU_USAGE_5,CPU_USAGE_6,CPU_USAGE_7,CPU_USAGE_8,CPU_USAGE_9,SYSTEM_POWER (Watts),TOTAL_MEMORY,TOTAL_SWAP,USED_MEMORY,USED_SWAP
0,1772022349634,4056,4056,4056,4056,4056,4056,4056,4056,4056,4056,4056,41.953125,43.56343460083008,43.873069763183594,43.80345916748047,46.30933380126953,45.97555923461914,0,NaN,0,0,0,0,0,0,0,0,0,0.5394517779350281,19327352832,0,10397941760,0
209,1772022349635,4056,4056,4056,4056,4056,4056,4056,4056,4056,4056,4056,41.953125,43.56343460083008,43.873069763183594,43.80345916748047,46.30933380126953,45.97555923461914,100,0,NaN,NaN,NaN,0,NaN,NaN,0,0,NaN,0.5394517779350281,19327352832,0,10397941760,0
209,1772022349844,4056,4056,4056,4056,4056,4056,4056,4056,4056,4056,4056,41.953125,43.56343460083008,43.873069763183594,43.80345916748047,46.30933380126953,45.97555923461914,9.523809432983398,13.636363983154297,54.54545593261719,0,4.761904716491699,0,0,42.85714340209961,45,0,33.333335876464844,0.5394517779350281,19327352832,0,10465132544,0
7,1772022350055,4056,4056,4056,4056,4056,4056,4056,4056,4056,4056,4056,46.765625,45.769771575927734,45.813323974609375,45.84496307373047,49.330020904541016,46.69791030883789,40,30.000001907348633,19.047618865966797,23.809524536132813,19.047618865966797,13.636363983154297,9.523809432983398,13.636363983154297,28.571430206298828,19.047618865966797,23.809524536132813,0.5394517779350281,19327352832,0,10396516352,0
