Delta,Time,CPU_FREQUENCY_0,CPU_FREQUENCY_1,CPU_FREQUENCY_10,CPU_FREQUENCY_2,CPU_FREQUENCY_3,CPU_FREQUENCY_4,CPU_FREQUENCY_5,CPU_FREQUENCY_6,CPU_FREQUENCY_7,CPU_FREQUENCY_8,CPU_FREQUENCY_9,CPU_TEMP_0,CPU_TEMP_1,CPU_TEMP_2,CPU_TEMP_3,CPU_TEMP_4,CPU_TEMP_5,CPU_USAGE_0,CPU_USAGE_1,CPU_USAGE_10,CPU_USAGE_2,CPU_USAGE_3,CPU_USAGE_4,CPU_USAGE_5,CPU_USAGE_6,CPU_USAGE_7,CPU_USAGE_8,CPU_USAGE_9,SYSTEM_POWER (Watts),TOTAL_MEMORY,TOTAL_SWAP,USED_MEMORY,USED_SWAP
0,1772022237985,4056,4056,4056,4056,4056,4056,4056,4056,4056,4056,4056,47.015625,48.70331573486328,48.85780334472656,48.839561462402344,51.13581085205078,51.080989837646484,NaN,NaN,NaN,NaN,100,0,NaN,NaN,0,0,NaN,3.1469218730926514,19327352832,0,10349658112,0
202,1772022237986,4056,4056,4056,4056,4056,4056,4056,4056,4056,4056,4056,47.015625,48.70331573486328,48.85780334472656,48.839561462402344,51.13581085205078,51.080989837646484,50,0,0,0,0,NaN,0,0,NaN,NaN,0,3.1469218730926514,19327352832,0,10349838336,0
204,1772022238189,4056,4056,4056,4056,4056,4056,4056,4056,4056,4056,4056,47.015625,48.70331573486328,48.85780334472656,48.839561462402344,51.13581085205078,51.080989837646484,15.789472579956055,10,30.000001907348633,5,4.761904716491699,0,0,25,42.85714340209961,10,60.000003814697266,3.1469218730926514,19327352832,0,10373545984,0
204,1772022238394,4056,4056,4056,4056,4056,4056,4056,4056,4056,4056,4056,47.015625,48.70331573486328,48.85780334472656,48.839561462402344,51.13581085205078,51.080989837646484,65,65,80,65,65,61.904762268066406,61.904762268066406,86.36363983154297,85,75,85.71428680419922,3.1469218730926514,19327352832,0,10373545984,0
7,1772022238599,4056,4056,4056,4056,4056,4056,4056,4056,4056,4056,4056,47.015625,48.70331573486328,48.85780334472656,48.839561462402344,51.13581085205078,51.080989837646484,45,45.45454788208008,52.38095474243164,42.85714340209961,35,42.85714340209961,35,45,47.619049072265625,47.619049072265625,47.619049072265625,3.2766366004943848,19327352832,0,10373545984,0
