Delta,Time,CPU_FREQUENCY_0,CPU_FREQUENCY_1,CPU_FREQUENCY_10,CPU_FREQUENCY_2,CPU_FREQUENCY_3,CPU_FREQUENCY_4,CPU_FREQUENCY_5,CPU_FREQUENCY_6,CPU_FREQUENCY_7,CPU_FREQUENCY_8,CPU_FREQUENCY_9,CPU_TEMP_0,CPU_TEMP_1,CPU_TEMP_2,CPU_TEMP_3,CPU_TEMP_4,CPU_TEMP_5,CPU_USAGE_0,CPU_USAGE_1,CPU_USAGE_10,CPU_USAGE_2,CPU_USAGE_3,CPU_USAGE_4,CPU_USAGE_5,CPU_USAGE_6,CPU_USAGE_7,CPU_USAGE_8,CPU_USAGE_9,SYSTEM_POWER (Watts),TOTAL_MEMORY,TOTAL_SWAP,USED_MEMORY,USED_SWAP
0,1771346245514,4056,4056,4056,4056,4056,4056,4056,4056,4056,4056,4056,39.046875,39.927818298339844,40.06572341918945,39.92985153198242,42.45563888549805,42.24106216430664,50,NaN,0,0,0,0,0,0,0,0,0,5.5976243019104,19327352832,0,10637393920,0
204,1771346245515,4056,4056,4056,4056,4056,4056,4056,4056,4056,4056,4056,39.046875,39.927818298339844,40.06572341918945,39.92985153198242,42.45563888549805,42.24106216430664,100,0,0,NaN,NaN,0,0,0,0,0,0,5.5976243019104,19327352832,0,10637393920,0
204,1771346245719,4056,4056,4056,4056,4056,4056,4056,4056,4056,4056,4056,39.046875,39.927818298339844,40.06572341918945,39.92985153198242,42.45563888549805,42.24106216430664,31.57894515991211,30.000001907348633,38.095237731933594,19.047618865966797,14.285715103149414,14.285715103149414,10,25,38.095237731933594,40,25,5.5976243019104,19327352832,0,10637393920,0
204,1771346245924,4056,4056,4056,4056,4056,4056,4056,4056,4056,4056,4056,39.046875,39.927818298339844,40.06572341918945,39.92985153198242,42.45563888549805,42.24106216430664,52.38095474243164,40,73.68421173095703,15.000000953674316,14.285715103149414,10,9.523809432983398,19.047618865966797,20,20,25,5.660904884338379,19327352832,0,10637393920,0
204,1771346246129,4056,4056,4056,4056,4056,4056,4056,4056,4056,4056,4056,39.046875,39.927818298339844,40.06572341918945,39.92985153198242,42.45563888549805,42.24106216430664,20,10,100,10,0,5,10,0,0,9.523809432983398,0,5.660904884338379,19327352832,0,10637393920,0
7,1771346246335,4056,4056,4056,4056,4056,4056,4056,4056,4056,4056,4056,39.046875,39.927818298339844,40.06572341918945,39.92985153198242,42.45563888549805,42.24106216430664,5,9.523809432983398,5,4.761904716491699,4.761904716491699,0,0,0,4.761904716491699,9.523809432983398,25,5.660904884338379,19327352832,0,10641227776,0
