Delta,Time,CPU_FREQUENCY_0,CPU_FREQUENCY_1,CPU_FREQUENCY_10,CPU_FREQUENCY_2,CPU_FREQUENCY_3,CPU_FREQUENCY_4,CPU_FREQUENCY_5,CPU_FREQUENCY_6,CPU_FREQUENCY_7,CPU_FREQUENCY_8,CPU_FREQUENCY_9,CPU_TEMP_0,CPU_TEMP_1,CPU_TEMP_2,CPU_TEMP_3,CPU_TEMP_4,CPU_TEMP_5,CPU_USAGE_0,CPU_USAGE_1,CPU_USAGE_10,CPU_USAGE_2,CPU_USAGE_3,CPU_USAGE_4,CPU_USAGE_5,CPU_USAGE_6,CPU_USAGE_7,CPU_USAGE_8,CPU_USAGE_9,SYSTEM_POWER (Watts),TOTAL_MEMORY,TOTAL_SWAP,USED_MEMORY,USED_SWAP
0,1771345847022,4056,4056,4056,4056,4056,4056,4056,4056,4056,4056,4056,36.875,38.86601257324219,39.05045700073242,38.759830474853516,41.28438186645508,41.249778747558594,0,0,0,0,0,0,0,0,0,0,0,5.592116832733154,19327352832,0,11266785280,0
204,1771345847023,4056,4056,4056,4056,4056,4056,4056,4056,4056,4056,4056,36.875,38.86601257324219,39.05045700073242,38.759830474853516,41.28438186645508,41.249778747558594,100,0,0,100,0,0,0,0,NaN,NaN,0,5.592116832733154,19327352832,0,11266899968,0
204,1771345847227,4056,4056,4056,4056,4056,4056,4056,4056,4056,4056,4056,36.875,38.86601257324219,39.05045700073242,38.759830474853516,41.28438186645508,41.249778747558594,30.000001907348633,40,40,20,15.789472579956055,15.000000953674316,20,23.809524536132813,38.095237731933594,35,23.809524536132813,5.592116832733154,19327352832,0,11323080704,0
5,1771345847433,4056,4056,4056,4056,4056,4056,4056,4056,4056,4056,4056,40.265625,40.278038024902344,40.50029373168945,40.282466888427734,43.51194381713867,41.957733154296875,21.052631378173828,20,15.000000953674316,14.285715103149414,5,0,0,15.000000953674316,15.000000953674316,23.809524536132813,15.000000953674316,5.592116832733154,19327352832,0,11265753088,0
