Delta,Time,CPU_FREQUENCY_0,CPU_FREQUENCY_1,CPU_FREQUENCY_10,CPU_FREQUENCY_2,CPU_FREQUENCY_3,CPU_FREQUENCY_4,CPU_FREQUENCY_5,CPU_FREQUENCY_6,CPU_FREQUENCY_7,CPU_FREQUENCY_8,CPU_FREQUENCY_9,CPU_TEMP_0,CPU_TEMP_1,CPU_TEMP_2,CPU_TEMP_3,CPU_TEMP_4,CPU_TEMP_5,CPU_USAGE_0,CPU_USAGE_1,CPU_USAGE_10,CPU_USAGE_2,CPU_USAGE_3,CPU_USAGE_4,CPU_USAGE_5,CPU_USAGE_6,CPU_USAGE_7,CPU_USAGE_8,CPU_USAGE_9,SYSTEM_POWER (Watts),TOTAL_MEMORY,TOTAL_SWAP,USED_MEMORY,USED_SWAP
0,1771345802469,4056,4056,4056,4056,4056,4056,4056,4056,4056,4056,4056,37.59375,39.1236572265625,39.37352752685547,39.115840911865234,41.674827575683594,41.6157112121582,0,0,0,0,50,0,0,0,0,0,0,5.668102741241455,19327352832,0,11290476544,0
204,1771345802469,4056,4056,4056,4056,4056,4056,4056,4056,4056,4056,4056,37.59375,39.1236572265625,39.37352752685547,39.115840911865234,41.674827575683594,41.6157112121582,100,NaN,0,NaN,0,0,0,NaN,0,0,0,5.668102741241455,19327352832,0,11289657344,0
200,1771345802674,4056,4056,4056,4056,4056,4056,4056,4056,4056,4056,4056,37.59375,39.1236572265625,39.37352752685547,39.115840911865234,41.674827575683594,41.6157112121582,30.000001907348633,28.571430206298828,47.619049072265625,19.047618865966797,15.000000953674316,14.285715103149414,5.263157844543457,23.809524536132813,30.000001907348633,28.571430206298828,25,5.668102741241455,19327352832,0,11348983808,0
199,1771345802875,4056,4056,4056,4056,4056,4056,4056,4056,4056,4056,4056,37.59375,39.1236572265625,39.37352752685547,39.115840911865234,41.674827575683594,41.6157112121582,50,38.88888931274414,73.68421173095703,33.333335876464844,30.000001907348633,21.052631378173828,21.052631378173828,73.68421173095703,75,78.94737243652344,75,5.668102741241455,19327352832,0,11401117696,0
204,1771345803075,4056,4056,4056,4056,4056,4056,4056,4056,4056,4056,4056,37.59375,39.1236572265625,39.37352752685547,39.115840911865234,41.674827575683594,41.6157112121582,64.70588684082031,50,94.73684692382813,45,38.88888931274414,42.105262756347656,30.000001907348633,94.73684692382813,94.44444274902344,94.44444274902344,94.44444274902344,5.611308574676514,19327352832,0,11415453696,0
6,1771345803280,4056,4056,4056,4056,4056,4056,4056,4056,4056,4056,4056,37.59375,39.1236572265625,39.37352752685547,39.115840911865234,41.674827575683594,41.6157112121582,55,45,80,33.333335876464844,26.3157901763916,21.052631378173828,21.052631378173828,80,80,75,75,5.611308574676514,19327352832,0,11291394048,0
