Delta,Time,CPU_FREQUENCY_0,CPU_FREQUENCY_1,CPU_FREQUENCY_10,CPU_FREQUENCY_2,CPU_FREQUENCY_3,CPU_FREQUENCY_4,CPU_FREQUENCY_5,CPU_FREQUENCY_6,CPU_FREQUENCY_7,CPU_FREQUENCY_8,CPU_FREQUENCY_9,CPU_TEMP_0,CPU_TEMP_1,CPU_TEMP_2,CPU_TEMP_3,CPU_TEMP_4,CPU_TEMP_5,CPU_USAGE_0,CPU_USAGE_1,CPU_USAGE_10,CPU_USAGE_2,CPU_USAGE_3,CPU_USAGE_4,CPU_USAGE_5,CPU_USAGE_6,CPU_USAGE_7,CPU_USAGE_8,CPU_USAGE_9,SYSTEM_POWER (Watts),TOTAL_MEMORY,TOTAL_SWAP,USED_MEMORY,USED_SWAP
0,1771346234263,4056,4056,4056,4056,4056,4056,4056,4056,4056,4056,4056,37.59375,39.80562210083008,39.95075607299805,39.834754943847656,42.15404510498047,42.219818115234375,50,0,0,0,0,0,0,0,0,0,0,5.594457626342773,19327352832,0,10628513792,0
204,1771346234264,4056,4056,4056,4056,4056,4056,4056,4056,4056,4056,4056,37.59375,39.80562210083008,39.95075607299805,39.834754943847656,42.15404510498047,42.219818115234375,50,0,0,NaN,NaN,0,0,NaN,0,NaN,0,5.594457626342773,19327352832,0,10628759552,0
204,1771346234468,4056,4056,4056,4056,4056,4056,4056,4056,4056,4056,4056,40.015625,40.202274322509766,40.49943923950195,40.318843841552734,43.051109313964844,42.416160583496094,26.3157901763916,30.000001907348633,45,19.047618865966797,10,14.285715103149414,5.263157844543457,19.047618865966797,42.85714340209961,30.000001907348633,26.3157901763916,5.594457626342773,19327352832,0,10717839360,0
204,1771346234673,4056,4056,4056,4056,4056,4056,4056,4056,4056,4056,4056,40.015625,40.202274322509766,40.49943923950195,40.318843841552734,43.051109313964844,42.416160583496094,15.789472579956055,15.000000953674316,15.000000953674316,14.285715103149414,9.523809432983398,0,9.523809432983398,19.047618865966797,10.526315689086914,80.95238494873047,19.047618865966797,5.594457626342773,19327352832,0,10717839360,0
204,1771346234878,4056,4056,4056,4056,4056,4056,4056,4056,4056,4056,4056,40.015625,40.202274322509766,40.49943923950195,40.318843841552734,43.051109313964844,42.416160583496094,18.18181800842285,14.285715103149414,9.090909004211426,0,5.263157844543457,4.761904716491699,0,0,4.761904716491699,100,0,5.594457626342773,19327352832,0,10717839360,0
8,1771346235084,4056,4056,4056,4056,4056,4056,4056,4056,4056,4056,4056,40.015625,40.202274322509766,40.49943923950195,40.318843841552734,43.051109313964844,42.416160583496094,5,5,10,4.761904716491699,4.545454502105713,4.761904716491699,0,0,28.571430206298828,9.523809432983398,0,5.618683338165283,19327352832,0,10633723904,0
