Delta,Time,CPU_FREQUENCY_0,CPU_FREQUENCY_1,CPU_FREQUENCY_10,CPU_FREQUENCY_2,CPU_FREQUENCY_3,CPU_FREQUENCY_4,CPU_FREQUENCY_5,CPU_FREQUENCY_6,CPU_FREQUENCY_7,CPU_FREQUENCY_8,CPU_FREQUENCY_9,CPU_TEMP_0,CPU_TEMP_1,CPU_TEMP_2,CPU_TEMP_3,CPU_TEMP_4,CPU_TEMP_5,CPU_USAGE_0,CPU_USAGE_1,CPU_USAGE_10,CPU_USAGE_2,CPU_USAGE_3,CPU_USAGE_4,CPU_USAGE_5,CPU_USAGE_6,CPU_USAGE_7,CPU_USAGE_8,CPU_USAGE_9,SYSTEM_POWER (Watts),TOTAL_MEMORY,TOTAL_SWAP,USED_MEMORY,USED_SWAP
0,1771345746148,4056,4056,4056,4056,4056,4056,4056,4056,4056,4056,4056,36.625,38.15217208862305,38.31165313720703,38.27505874633789,40.82699966430664,40.64889907836914,0,0,0,0,0,0,0,0,0,0,0,5.651792049407959,19327352832,0,11759976448,0
204,1771345746149,4056,4056,4056,4056,4056,4056,4056,4056,4056,4056,4056,36.625,38.15217208862305,38.31165313720703,38.27505874633789,40.82699966430664,40.64889907836914,NaN,NaN,NaN,66.66667175292969,NaN,0,0,0,0,0,0,5.651792049407959,19327352832,0,11760091136,0
199,1771345746354,4056,4056,4056,4056,4056,4056,4056,4056,4056,4056,4056,36.625,38.15217208862305,38.31165313720703,38.27505874633789,40.82699966430664,40.64889907836914,33.333335876464844,30.000001907348633,35,15.000000953674316,15.000000953674316,10,10,23.809524536132813,45,35,23.809524536132813,5.651792049407959,19327352832,0,11824611328,0
200,1771345746554,4056,4056,4056,4056,4056,4056,4056,4056,4056,4056,4056,39.78125,39.3500862121582,39.55216979980469,39.35274887084961,42.690086364746094,41.1181640625,44.4444465637207,36.842105865478516,70,27.77777862548828,26.3157901763916,21.052631378173828,21.052631378173828,77.77777862548828,73.68421173095703,75,73.68421173095703,5.651792049407959,19327352832,0,11869749248,0
204,1771345746754,4056,4056,4056,4056,4056,4056,4056,4056,4056,4056,4056,39.78125,39.3500862121582,39.55216979980469,39.35274887084961,42.690086364746094,41.1181640625,65,52.6315803527832,94.73684692382813,42.105262756347656,35,26.3157901763916,26.3157901763916,90,94.73684692382813,94.44444274902344,90,5.651792049407959,19327352832,0,11881201664,0
6,1771345746959,4056,4056,4056,4056,4056,4056,4056,4056,4056,4056,4056,39.78125,39.3500862121582,39.55216979980469,39.35274887084961,42.690086364746094,41.1181640625,50,42.105262756347656,78.94737243652344,36.842105865478516,27.77777862548828,26.3157901763916,20,80,78.94737243652344,80,78.94737243652344,6.386332988739014,19327352832,0,11762401280,0
