Delta,Time,CPU_FREQUENCY_0,CPU_FREQUENCY_1,CPU_FREQUENCY_10,CPU_FREQUENCY_2,CPU_FREQUENCY_3,CPU_FREQUENCY_4,CPU_FREQUENCY_5,CPU_FREQUENCY_6,CPU_FREQUENCY_7,CPU_FREQUENCY_8,CPU_FREQUENCY_9,CPU_TEMP_0,CPU_TEMP_1,CPU_TEMP_2,CPU_TEMP_3,CPU_TEMP_4,CPU_TEMP_5,CPU_USAGE_0,CPU_USAGE_1,CPU_USAGE_10,CPU_USAGE_2,CPU_USAGE_3,CPU_USAGE_4,CPU_USAGE_5,CPU_USAGE_6,CPU_USAGE_7,CPU_USAGE_8,CPU_USAGE_9,SYSTEM_POWER (Watts),TOTAL_MEMORY,TOTAL_SWAP,USED_MEMORY,USED_SWAP
0,1771345879524,4056,4056,4056,4056,4056,4056,4056,4056,4056,4056,4056,37.59375,38.564796447753906,38.77680969238281,38.668212890625,41.251991271972656,41.09328842163086,0,0,0,50,0,0,0,0,0,0,0,5.575678825378418,19327352832,0,11264704512,0
204,1771345879525,4056,4056,4056,4056,4056,4056,4056,4056,4056,4056,4056,37.59375,38.564796447753906,38.77680969238281,38.668212890625,41.251991271972656,41.09328842163086,100,0,0,0,NaN,0,NaN,0,0,0,0,5.575678825378418,19327352832,0,11264802816,0
204,1771345879730,4056,4056,4056,4056,4056,4056,4056,4056,4056,4056,4056,37.59375,38.564796447753906,38.77680969238281,38.668212890625,41.251991271972656,41.09328842163086,35,35,50,21.052631378173828,18.18181800842285,14.285715103149414,9.523809432983398,20,40,40,19.047618865966797,5.575678825378418,19327352832,0,11340693504,0
7,1771345879935,4056,4056,4056,4056,4056,4056,4056,4056,4056,4056,4056,37.59375,38.564796447753906,38.77680969238281,38.668212890625,41.251991271972656,41.09328842163086,28.571430206298828,20,19.047618865966797,5.263157844543457,5.263157844543457,5,5,19.047618865966797,14.285715103149414,15.789472579956055,19.047618865966797,5.651422500610352,19327352832,0,11262033920,0
