Delta,Time,CPU_FREQUENCY_0,CPU_FREQUENCY_1,CPU_FREQUENCY_10,CPU_FREQUENCY_2,CPU_FREQUENCY_3,CPU_FREQUENCY_4,CPU_FREQUENCY_5,CPU_FREQUENCY_6,CPU_FREQUENCY_7,CPU_FREQUENCY_8,CPU_FREQUENCY_9,CPU_TEMP_0,CPU_TEMP_1,CPU_TEMP_2,CPU_TEMP_3,CPU_TEMP_4,CPU_TEMP_5,CPU_USAGE_0,CPU_USAGE_1,CPU_USAGE_10,CPU_USAGE_2,CPU_USAGE_3,CPU_USAGE_4,CPU_USAGE_5,CPU_USAGE_6,CPU_USAGE_7,CPU_USAGE_8,CPU_USAGE_9,SYSTEM_POWER (Watts),TOTAL_MEMORY,TOTAL_SWAP,USED_MEMORY,USED_SWAP
0,1771345868687,4056,4056,4056,4056,4056,4056,4056,4056,4056,4056,4056,37.109375,38.62442398071289,38.73481369018555,38.67780303955078,41.256553649902344,41.136085510253906,NaN,50,0,0,0,0,0,0,0,0,0,5.892361640930176,19327352832,0,11271995392,0
204,1771345868688,4056,4056,4056,4056,4056,4056,4056,4056,4056,4056,4056,37.109375,38.62442398071289,38.73481369018555,38.67780303955078,41.256553649902344,41.136085510253906,100,0,0,0,0,0,NaN,NaN,0,0,0,5.892361640930176,19327352832,0,11272110080,0
204,1771345868892,4056,4056,4056,4056,4056,4056,4056,4056,4056,4056,4056,37.109375,38.62442398071289,38.73481369018555,38.67780303955078,41.256553649902344,41.136085510253906,30.000001907348633,26.3157901763916,33.333335876464844,20,15.000000953674316,10,18.18181800842285,19.047618865966797,55,33.333335876464844,20,5.58116340637207,19327352832,0,11337498624,0
7,1771345869098,4056,4056,4056,4056,4056,4056,4056,4056,4056,4056,4056,37.109375,38.62442398071289,38.73481369018555,38.67780303955078,41.256553649902344,41.136085510253906,20,19.047618865966797,15.000000953674316,14.285715103149414,10,5,10,15.000000953674316,14.285715103149414,20,19.047618865966797,5.58116340637207,19327352832,0,11269652480,0
