Delta,Time,CPU_FREQUENCY_0,CPU_FREQUENCY_1,CPU_FREQUENCY_10,CPU_FREQUENCY_2,CPU_FREQUENCY_3,CPU_FREQUENCY_4,CPU_FREQUENCY_5,CPU_FREQUENCY_6,CPU_FREQUENCY_7,CPU_FREQUENCY_8,CPU_FREQUENCY_9,CPU_TEMP_0,CPU_TEMP_1,CPU_TEMP_2,CPU_TEMP_3,CPU_TEMP_4,CPU_TEMP_5,CPU_USAGE_0,CPU_USAGE_1,CPU_USAGE_10,CPU_USAGE_2,CPU_USAGE_3,CPU_USAGE_4,CPU_USAGE_5,CPU_USAGE_6,CPU_USAGE_7,CPU_USAGE_8,CPU_USAGE_9,SYSTEM_POWER (Watts),TOTAL_MEMORY,TOTAL_SWAP,USED_MEMORY,USED_SWAP
0,1771345824936,4056,4056,4056,4056,4056,4056,4056,4056,4056,4056,4056,37.109375,39.01937484741211,39.199459075927734,38.969661712646484,41.44865036010742,41.56550598144531,66.66667175292969,NaN,0,NaN,0,0,0,0,0,0,NaN,5.581309795379639,19327352832,0,11271405568,0
200,1771345824937,4056,4056,4056,4056,4056,4056,4056,4056,4056,4056,4056,37.109375,39.01937484741211,39.199459075927734,38.969661712646484,41.44865036010742,41.56550598144531,NaN,0,NaN,0,0,0,0,NaN,0,NaN,0,5.581309795379639,19327352832,0,11271553024,0
202,1771345825137,4056,4056,4056,4056,4056,4056,4056,4056,4056,4056,4056,37.109375,39.01937484741211,39.199459075927734,38.969661712646484,41.44865036010742,41.56550598144531,30.000001907348633,30.000001907348633,35,20,15.000000953674316,15.000000953674316,10,23.809524536132813,40,30.000001907348633,30.000001907348633,5.581309795379639,19327352832,0,11324932096,0
199,1771345825340,4056,4056,4056,4056,4056,4056,4056,4056,4056,4056,4056,37.109375,39.01937484741211,39.199459075927734,38.969661712646484,41.44865036010742,41.56550598144531,47.36842346191406,42.105262756347656,75,31.57894515991211,30.000001907348633,21.052631378173828,20,73.68421173095703,70,73.68421173095703,73.68421173095703,5.581309795379639,19327352832,0,11372789760,0
204,1771345825540,4056,4056,4056,4056,4056,4056,4056,4056,4056,4056,4056,42.1875,42.27070999145508,42.216068267822266,42.057552337646484,46.127296447753906,42.70256423950195,61.11111068725586,50,94.73684692382813,42.105262756347656,33.333335876464844,31.57894515991211,22.22222328186035,90,94.73684692382813,94.73684692382813,90,5.581309795379639,19327352832,0,11377377280,0
7,1771345825745,4056,4056,4056,4056,4056,4056,4056,4056,4056,4056,4056,42.1875,42.27070999145508,42.216068267822266,42.057552337646484,46.127296447753906,42.70256423950195,52.6315803527832,42.105262756347656,84.21052551269531,31.57894515991211,30.000001907348633,25,25,83.33332824707031,85,85,83.33332824707031,5.581309795379639,19327352832,0,11271946240,0
