Delta,Time,CPU_FREQUENCY_0,CPU_FREQUENCY_1,CPU_FREQUENCY_10,CPU_FREQUENCY_2,CPU_FREQUENCY_3,CPU_FREQUENCY_4,CPU_FREQUENCY_5,CPU_FREQUENCY_6,CPU_FREQUENCY_7,CPU_FREQUENCY_8,CPU_FREQUENCY_9,CPU_TEMP_0,CPU_TEMP_1,CPU_TEMP_2,CPU_TEMP_3,CPU_TEMP_4,CPU_TEMP_5,CPU_USAGE_0,CPU_USAGE_1,CPU_USAGE_10,CPU_USAGE_2,CPU_USAGE_3,CPU_USAGE_4,CPU_USAGE_5,CPU_USAGE_6,CPU_USAGE_7,CPU_USAGE_8,CPU_USAGE_9,SYSTEM_POWER (Watts),TOTAL_MEMORY,TOTAL_SWAP,USED_MEMORY,USED_SWAP
0,1771345890365,4056,4056,4056,4056,4056,4056,4056,4056,4056,4056,4056,36.390625,38.37480163574219,38.61175537109375,38.56637191772461,41.00253677368164,40.962711334228516,50,0,0,0,0,0,0,0,0,0,0,5.637246131896973,19327352832,0,11261444096,0
204,1771345890366,4056,4056,4056,4056,4056,4056,4056,4056,4056,4056,4056,36.390625,38.37480163574219,38.61175537109375,38.56637191772461,41.00253677368164,40.962711334228516,NaN,NaN,0,0,0,0,0,0,NaN,0,NaN,5.637246131896973,19327352832,0,11261444096,0
204,1771345890571,4056,4056,4056,4056,4056,4056,4056,4056,4056,4056,4056,37.359375,38.52977752685547,38.787811279296875,38.69768142700195,41.2822151184082,41.049842834472656,31.57894515991211,30.000001907348633,30.000001907348633,20,19.047618865966797,14.285715103149414,5.263157844543457,20,36.842105865478516,42.85714340209961,23.809524536132813,5.637246131896973,19327352832,0,11261444096,0
7,1771345890776,4056,4056,4056,4056,4056,4056,4056,4056,4056,4056,4056,37.359375,38.52977752685547,38.787811279296875,38.69768142700195,41.2822151184082,41.049842834472656,19.047618865966797,15.000000953674316,15.000000953674316,14.285715103149414,5.263157844543457,5,9.523809432983398,19.047618865966797,22.72727394104004,15.789472579956055,15.000000953674316,5.637246131896973,19327352832,0,11261444096,0
