Delta,Time,CPU_FREQUENCY_0,CPU_FREQUENCY_1,CPU_FREQUENCY_10,CPU_FREQUENCY_2,CPU_FREQUENCY_3,CPU_FREQUENCY_4,CPU_FREQUENCY_5,CPU_FREQUENCY_6,CPU_FREQUENCY_7,CPU_FREQUENCY_8,CPU_FREQUENCY_9,CPU_TEMP_0,CPU_TEMP_1,CPU_TEMP_2,CPU_TEMP_3,CPU_TEMP_4,CPU_TEMP_5,CPU_USAGE_0,CPU_USAGE_1,CPU_USAGE_10,CPU_USAGE_2,CPU_USAGE_3,CPU_USAGE_4,CPU_USAGE_5,CPU_USAGE_6,CPU_USAGE_7,CPU_USAGE_8,CPU_USAGE_9,SYSTEM_POWER (Watts),TOTAL_MEMORY,TOTAL_SWAP,USED_MEMORY,USED_SWAP
0,1771430366057,4056,4056,4056,4056,4056,4056,4056,4056,4056,4056,4056,39.53125,40.83414840698242,41.03182601928711,40.823081970214844,43.32209014892578,43.17886734008789,0,0,0,0,0,0,0,0,0,0,0,5.777618408203125,19327352832,0,10070048768,0
204,1771430366058,4056,4056,4056,4056,4056,4056,4056,4056,4056,4056,4056,39.53125,40.83414840698242,41.03182601928711,40.823081970214844,43.32209014892578,43.17886734008789,100,0,NaN,0,NaN,NaN,NaN,0,0,0,0,5.777618408203125,19327352832,0,10070163456,0
204,1771430366263,4056,4056,4056,4056,4056,4056,4056,4056,4056,4056,4056,39.53125,40.83414840698242,41.03182601928711,40.823081970214844,43.32209014892578,43.17886734008789,25,19.047618865966797,14.285715103149414,14.285715103149414,9.090909004211426,0,0,42.85714340209961,33.333335876464844,45,52.38095474243164,5.777618408203125,19327352832,0,10070163456,0
7,1771430366468,4056,4056,4056,4056,4056,4056,4056,4056,4056,4056,4056,39.53125,40.83414840698242,41.03182601928711,40.823081970214844,43.32209014892578,43.17886734008789,10,5,10,0,0,0,0,15.000000953674316,28.571430206298828,23.809524536132813,30.000001907348633,5.700325012207031,19327352832,0,10070163456,0
