Delta,Time,CPU_FREQUENCY_0,CPU_FREQUENCY_1,CPU_FREQUENCY_10,CPU_FREQUENCY_2,CPU_FREQUENCY_3,CPU_FREQUENCY_4,CPU_FREQUENCY_5,CPU_FREQUENCY_6,CPU_FREQUENCY_7,CPU_FREQUENCY_8,CPU_FREQUENCY_9,CPU_TEMP_0,CPU_TEMP_1,CPU_TEMP_2,CPU_TEMP_3,CPU_TEMP_4,CPU_TEMP_5,CPU_USAGE_0,CPU_USAGE_1,CPU_USAGE_10,CPU_USAGE_2,CPU_USAGE_3,CPU_USAGE_4,CPU_USAGE_5,CPU_USAGE_6,CPU_USAGE_7,CPU_USAGE_8,CPU_USAGE_9,SYSTEM_POWER (Watts),TOTAL_MEMORY,TOTAL_SWAP,USED_MEMORY,USED_SWAP
0,1771430344385,4056,4056,4056,4056,4056,4056,4056,4056,4056,4056,4056,40.015625,42.26107406616211,42.42035675048828,42.10702133178711,44.46469497680664,44.452056884765625,NaN,NaN,0,0,0,0,0,0,0,0,0,5.750578880310059,19327352832,0,10053648384,0
204,1771430344385,4056,4056,4056,4056,4056,4056,4056,4056,4056,4056,4056,40.015625,42.26107406616211,42.42035675048828,42.10702133178711,44.46469497680664,44.452056884765625,0,50,0,NaN,0,0,0,0,0,NaN,NaN,5.750578880310059,19327352832,0,10053844992,0
204,1771430344590,4056,4056,4056,4056,4056,4056,4056,4056,4056,4056,4056,40.015625,42.26107406616211,42.42035675048828,42.10702133178711,44.46469497680664,44.452056884765625,20,25,15.000000953674316,9.523809432983398,5,0,0,30.000001907348633,52.6315803527832,47.619049072265625,35,5.750578880310059,19327352832,0,10120380416,0
4,1771430344795,4056,4056,4056,4056,4056,4056,4056,4056,4056,4056,4056,44.359375,44.40030288696289,44.425323486328125,43.545249938964844,47.70553970336914,45.33013153076172,10,14.285715103149414,10,0,0,0,0,31.57894515991211,23.809524536132813,23.809524536132813,20,5.750578880310059,19327352832,0,10055221248,0
