Delta,Time,CPU_FREQUENCY_0,CPU_FREQUENCY_1,CPU_FREQUENCY_10,CPU_FREQUENCY_2,CPU_FREQUENCY_3,CPU_FREQUENCY_4,CPU_FREQUENCY_5,CPU_FREQUENCY_6,CPU_FREQUENCY_7,CPU_FREQUENCY_8,CPU_FREQUENCY_9,CPU_TEMP_0,CPU_TEMP_1,CPU_TEMP_2,CPU_TEMP_3,CPU_TEMP_4,CPU_TEMP_5,CPU_USAGE_0,CPU_USAGE_1,CPU_USAGE_10,CPU_USAGE_2,CPU_USAGE_3,CPU_USAGE_4,CPU_USAGE_5,CPU_USAGE_6,CPU_USAGE_7,CPU_USAGE_8,CPU_USAGE_9,SYSTEM_POWER (Watts),TOTAL_MEMORY,TOTAL_SWAP,USED_MEMORY,USED_SWAP
0,1771346113853,4056,4056,4056,4056,4056,4056,4056,4056,4056,4056,4056,40.265625,42.40679168701172,42.51066589355469,42.39773941040039,44.6864128112793,44.593624114990234,0,50,0,NaN,0,0,0,0,0,0,0,5.5866522789001465,19327352832,0,10580688896,0
204,1771346113853,4056,4056,4056,4056,4056,4056,4056,4056,4056,4056,4056,40.265625,42.40679168701172,42.51066589355469,42.39773941040039,44.6864128112793,44.593624114990234,NaN,100,0,0,0,100,50,0,0,0,0,5.5866522789001465,19327352832,0,10580819968,0
204,1771346114058,4056,4056,4056,4056,4056,4056,4056,4056,4056,4056,4056,40.265625,42.40679168701172,42.51066589355469,42.39773941040039,44.6864128112793,44.593624114990234,20,10,52.38095474243164,9.523809432983398,5,0,0,31.57894515991211,55,38.095237731933594,0,5.606244087219238,19327352832,0,10646831104,0
7,1771346114263,4056,4056,4056,4056,4056,4056,4056,4056,4056,4056,4056,40.265625,42.40679168701172,42.51066589355469,42.39773941040039,44.6864128112793,44.593624114990234,10,10,30.000001907348633,4.761904716491699,0,0,0,20,19.047618865966797,19.047618865966797,20,5.606244087219238,19327352832,0,10646831104,0
