Delta,Time,CPU_FREQUENCY_0,CPU_FREQUENCY_1,CPU_FREQUENCY_10,CPU_FREQUENCY_2,CPU_FREQUENCY_3,CPU_FREQUENCY_4,CPU_FREQUENCY_5,CPU_FREQUENCY_6,CPU_FREQUENCY_7,CPU_FREQUENCY_8,CPU_FREQUENCY_9,CPU_TEMP_0,CPU_TEMP_1,CPU_TEMP_2,CPU_TEMP_3,CPU_TEMP_4,CPU_TEMP_5,CPU_USAGE_0,CPU_USAGE_1,CPU_USAGE_10,CPU_USAGE_2,CPU_USAGE_3,CPU_USAGE_4,CPU_USAGE_5,CPU_USAGE_6,CPU_USAGE_7,CPU_USAGE_8,CPU_USAGE_9,SYSTEM_POWER (Watts),TOTAL_MEMORY,TOTAL_SWAP,USED_MEMORY,USED_SWAP
0,1771346124688,4056,4056,4056,4056,4056,4056,4056,4056,4056,4056,4056,40.5,41.98384475708008,42.1643180847168,41.99754333496094,44.34370422363281,44.231964111328125,0,0,0,NaN,NaN,0,0,0,0,0,0,5.650782585144043,19327352832,0,10585702400,0
204,1771346124689,4056,4056,4056,4056,4056,4056,4056,4056,4056,4056,4056,40.5,41.98384475708008,42.1643180847168,41.99754333496094,44.34370422363281,44.231964111328125,NaN,50,NaN,0,0,0,0,0,0,50,0,5.650782585144043,19327352832,0,10586177536,0
204,1771346124894,4056,4056,4056,4056,4056,4056,4056,4056,4056,4056,4056,40.5,41.98384475708008,42.1643180847168,41.99754333496094,44.34370422363281,44.231964111328125,19.047618865966797,15.000000953674316,52.38095474243164,5,4.761904716491699,0,0,23.809524536132813,52.38095474243164,57.894737243652344,0,5.648215293884277,19327352832,0,10653859840,0
7,1771346125099,4056,4056,4056,4056,4056,4056,4056,4056,4056,4056,4056,40.5,41.98384475708008,42.1643180847168,41.99754333496094,44.34370422363281,44.231964111328125,10.526315689086914,9.523809432983398,15.000000953674316,9.090909004211426,4.761904716491699,0,0,26.3157901763916,23.809524536132813,23.809524536132813,14.285715103149414,5.648215293884277,19327352832,0,10583867392,0
