Delta,Time,CPU_FREQUENCY_0,CPU_FREQUENCY_1,CPU_FREQUENCY_10,CPU_FREQUENCY_2,CPU_FREQUENCY_3,CPU_FREQUENCY_4,CPU_FREQUENCY_5,CPU_FREQUENCY_6,CPU_FREQUENCY_7,CPU_FREQUENCY_8,CPU_FREQUENCY_9,CPU_TEMP_0,CPU_TEMP_1,CPU_TEMP_2,CPU_TEMP_3,CPU_TEMP_4,CPU_TEMP_5,CPU_USAGE_0,CPU_USAGE_1,CPU_USAGE_10,CPU_USAGE_2,CPU_USAGE_3,CPU_USAGE_4,CPU_USAGE_5,CPU_USAGE_6,CPU_USAGE_7,CPU_USAGE_8,CPU_USAGE_9,SYSTEM_POWER (Watts),TOTAL_MEMORY,TOTAL_SWAP,USED_MEMORY,USED_SWAP
0,1771430441965,4056,4056,4056,4056,4056,4056,4056,4056,4056,4056,4056,38.8125,39.55038070678711,39.86833572387695,39.33341979980469,42.38325881958008,41.78119659423828,0,50,0,0,0,0,0,0,0,0,0,8.66985034942627,19327352832,0,10033217536,0
199,1771430441968,4056,4056,4056,4056,4056,4056,4056,4056,4056,4056,4056,38.8125,39.55038070678711,39.86833572387695,39.33341979980469,42.38325881958008,41.78119659423828,100,NaN,0,100,100,50,NaN,0,0,0,0,8.66985034942627,19327352832,0,10033430528,0
200,1771430442167,4056,4056,4056,4056,4056,4056,4056,4056,4056,4056,4056,38.8125,39.55038070678711,39.86833572387695,39.33341979980469,42.38325881958008,41.78119659423828,35,20,5.263157844543457,10.526315689086914,52.6315803527832,5,10,63.15789031982422,52.38095474243164,38.095237731933594,36.842105865478516,8.66985034942627,19327352832,0,10102996992,0
7,1771430442368,4056,4056,4056,4056,4056,4056,4056,4056,4056,4056,4056,38.8125,39.55038070678711,39.86833572387695,39.33341979980469,42.38325881958008,41.78119659423828,36.842105865478516,20,25,9.523809432983398,4.761904716491699,0,0,45.45454788208008,30.000001907348633,30.000001907348633,26.3157901763916,6.654395580291748,19327352832,0,10019913728,0
