Delta,Time,CPU_FREQUENCY_0,CPU_FREQUENCY_1,CPU_FREQUENCY_10,CPU_FREQUENCY_2,CPU_FREQUENCY_3,CPU_FREQUENCY_4,CPU_FREQUENCY_5,CPU_FREQUENCY_6,CPU_FREQUENCY_7,CPU_FREQUENCY_8,CPU_FREQUENCY_9,CPU_TEMP_0,CPU_TEMP_1,CPU_TEMP_2,CPU_TEMP_3,CPU_TEMP_4,CPU_TEMP_5,CPU_USAGE_0,CPU_USAGE_1,CPU_USAGE_10,CPU_USAGE_2,CPU_USAGE_3,CPU_USAGE_4,CPU_USAGE_5,CPU_USAGE_6,CPU_USAGE_7,CPU_USAGE_8,CPU_USAGE_9,SYSTEM_POWER (Watts),TOTAL_MEMORY,TOTAL_SWAP,USED_MEMORY,USED_SWAP
0,1771346135521,4056,4056,4056,4056,4056,4056,4056,4056,4056,4056,4056,40.015625,41.49653625488281,41.7310676574707,41.580101013183594,43.93476867675781,43.95677947998047,NaN,0,0,0,0,0,0,0,0,0,0,5.575931072235107,19327352832,0,10585210880,0
204,1771346135522,4056,4056,4056,4056,4056,4056,4056,4056,4056,4056,4056,40.015625,41.49653625488281,41.7310676574707,41.580101013183594,43.93476867675781,43.95677947998047,0,NaN,0,0,0,0,0,0,0,0,NaN,5.575931072235107,19327352832,0,10585210880,0
202,1771346135727,4056,4056,4056,4056,4056,4056,4056,4056,4056,4056,4056,40.015625,41.49653625488281,41.7310676574707,41.580101013183594,43.93476867675781,43.95677947998047,15.000000953674316,14.285715103149414,36.842105865478516,9.523809432983398,9.090909004211426,0,0,14.285715103149414,35,52.38095474243164,42.85714340209961,5.575931072235107,19327352832,0,10585210880,0
6,1771346135929,4056,4056,4056,4056,4056,4056,4056,4056,4056,4056,4056,40.015625,41.49653625488281,41.7310676574707,41.580101013183594,43.93476867675781,43.95677947998047,15.000000953674316,15.000000953674316,27.272727966308594,63.15789031982422,5,0,0,20,26.3157901763916,25,14.285715103149414,5.574880123138428,19327352832,0,10585210880,0
