Delta,Time,CPU_FREQUENCY_0,CPU_FREQUENCY_1,CPU_FREQUENCY_10,CPU_FREQUENCY_2,CPU_FREQUENCY_3,CPU_FREQUENCY_4,CPU_FREQUENCY_5,CPU_FREQUENCY_6,CPU_FREQUENCY_7,CPU_FREQUENCY_8,CPU_FREQUENCY_9,CPU_TEMP_0,CPU_TEMP_1,CPU_TEMP_2,CPU_TEMP_3,CPU_TEMP_4,CPU_TEMP_5,CPU_USAGE_0,CPU_USAGE_1,CPU_USAGE_10,CPU_USAGE_2,CPU_USAGE_3,CPU_USAGE_4,CPU_USAGE_5,CPU_USAGE_6,CPU_USAGE_7,CPU_USAGE_8,CPU_USAGE_9,SYSTEM_POWER (Watts),TOTAL_MEMORY,TOTAL_SWAP,USED_MEMORY,USED_SWAP
0,1771346146354,4056,4056,4056,4056,4056,4056,4056,4056,4056,4056,4056,39.046875,41.17653274536133,41.214786529541016,41.191627502441406,43.46751022338867,43.529415130615234,50,50,0,0,0,0,0,0,0,0,0,5.588891983032227,19327352832,0,10614374400,0
204,1771346146355,4056,4056,4056,4056,4056,4056,4056,4056,4056,4056,4056,39.046875,41.17653274536133,41.214786529541016,41.191627502441406,43.46751022338867,43.529415130615234,NaN,50,NaN,NaN,0,0,NaN,0,0,0,0,5.588891983032227,19327352832,0,10614554624,0
204,1771346146559,4056,4056,4056,4056,4056,4056,4056,4056,4056,4056,4056,40.015625,41.270179748535156,41.4328498840332,41.29685592651367,43.7550163269043,43.620262145996094,10,5.263157844543457,35,9.090909004211426,5,0,0,30.000001907348633,33.333335876464844,57.142860412597656,25,5.588891983032227,19327352832,0,10681204736,0
7,1771346146765,4056,4056,4056,4056,4056,4056,4056,4056,4056,4056,4056,40.015625,41.270179748535156,41.4328498840332,41.29685592651367,43.7550163269043,43.620262145996094,19.047618865966797,19.047618865966797,19.047618865966797,5,5,0,0,28.571430206298828,26.3157901763916,20,10,5.588891983032227,19327352832,0,10614652928,0
