Delta,Time,CPU_FREQUENCY_0,CPU_FREQUENCY_1,CPU_FREQUENCY_10,CPU_FREQUENCY_2,CPU_FREQUENCY_3,CPU_FREQUENCY_4,CPU_FREQUENCY_5,CPU_FREQUENCY_6,CPU_FREQUENCY_7,CPU_FREQUENCY_8,CPU_FREQUENCY_9,CPU_TEMP_0,CPU_TEMP_1,CPU_TEMP_2,CPU_TEMP_3,CPU_TEMP_4,CPU_TEMP_5,CPU_USAGE_0,CPU_USAGE_1,CPU_USAGE_10,CPU_USAGE_2,CPU_USAGE_3,CPU_USAGE_4,CPU_USAGE_5,CPU_USAGE_6,CPU_USAGE_7,CPU_USAGE_8,CPU_USAGE_9,SYSTEM_POWER (Watts),TOTAL_MEMORY,TOTAL_SWAP,USED_MEMORY,USED_SWAP
0,1771430398552,4056,4056,4056,4056,4056,4056,4056,4056,4056,4056,4056,37.84375,39.89394760131836,40.044761657714844,39.9028205871582,42.2583122253418,42.325584411621094,0,0,0,0,50,0,0,0,0,0,0,5.770307540893555,19327352832,0,10031742976,0
203,1771430398553,4056,4056,4056,4056,4056,4056,4056,4056,4056,4056,4056,37.84375,39.89394760131836,40.044761657714844,39.9028205871582,42.2583122253418,42.325584411621094,100,100,0,100,50,0,0,0,0,0,0,5.770307540893555,19327352832,0,10031742976,0
204,1771430398757,4056,4056,4056,4056,4056,4056,4056,4056,4056,4056,4056,37.84375,39.89394760131836,40.044761657714844,39.9028205871582,42.2583122253418,42.325584411621094,40,15.000000953674316,30.000001907348633,15.000000953674316,0,9.523809432983398,4.761904716491699,47.619049072265625,40,19.047618865966797,47.619049072265625,5.770307540893555,19327352832,0,10031742976,0
7,1771430398962,4056,4056,4056,4056,4056,4056,4056,4056,4056,4056,4056,42.1875,41.645774841308594,41.29838180541992,41.16865158081055,44.26893615722656,42.76542663574219,15.789472579956055,15.000000953674316,14.285715103149414,5,5,0,0,35,15.000000953674316,14.285715103149414,20,5.770307540893555,19327352832,0,10031742976,0
