Delta,Time,CPU_FREQUENCY_0,CPU_FREQUENCY_1,CPU_FREQUENCY_10,CPU_FREQUENCY_2,CPU_FREQUENCY_3,CPU_FREQUENCY_4,CPU_FREQUENCY_5,CPU_FREQUENCY_6,CPU_FREQUENCY_7,CPU_FREQUENCY_8,CPU_FREQUENCY_9,CPU_TEMP_0,CPU_TEMP_1,CPU_TEMP_2,CPU_TEMP_3,CPU_TEMP_4,CPU_TEMP_5,CPU_USAGE_0,CPU_USAGE_1,CPU_USAGE_10,CPU_USAGE_2,CPU_USAGE_3,CPU_USAGE_4,CPU_USAGE_5,CPU_USAGE_6,CPU_USAGE_7,CPU_USAGE_8,CPU_USAGE_9,SYSTEM_POWER (Watts),TOTAL_MEMORY,TOTAL_SWAP,USED_MEMORY,USED_SWAP
0,1771346157187,4056,4056,4056,4056,4056,4056,4056,4056,4056,4056,4056,38.8125,40.80418014526367,41.0179557800293,40.87423324584961,43.20035171508789,43.260231018066406,0,0,0,0,0,0,0,0,0,0,0,5.5869245529174805,19327352832,0,10626744320,0
204,1771346157188,4056,4056,4056,4056,4056,4056,4056,4056,4056,4056,4056,38.8125,40.80418014526367,41.0179557800293,40.87423324584961,43.20035171508789,43.260231018066406,100,0,0,0,0,0,0,NaN,0,0,0,5.5869245529174805,19327352832,0,10626744320,0
204,1771346157392,4056,4056,4056,4056,4056,4056,4056,4056,4056,4056,4056,38.8125,40.80418014526367,41.0179557800293,40.87423324584961,43.20035171508789,43.260231018066406,19.047618865966797,15.000000953674316,50,10,0,4.761904716491699,0,27.272727966308594,60.000003814697266,42.85714340209961,5,5.5869245529174805,19327352832,0,10626744320,0
7,1771346157598,4056,4056,4056,4056,4056,4056,4056,4056,4056,4056,4056,43.890625,42.10808563232422,42.51423263549805,42.24425506591797,45.68012237548828,43.71687316894531,10,9.523809432983398,19.047618865966797,9.523809432983398,0,0,0,20,30.000001907348633,25,9.523809432983398,5.5869245529174805,19327352832,0,10626744320,0
